,sna,tot,sbi,sarea,mday,ar,bemp,act
0,YouBike2.0_捷運科技大樓站,28,1,大安區,2023-06-10 14:19:13,復興南路二段235號前,27,1
1,YouBike2.0_復興南路二段273號前,21,1,大安區,2023-06-10 14:16:14,復興南路二段273號西側,20,1
2,YouBike2.0_國北教大實小東側門,16,0,大安區,2023-06-10 14:08:04,和平東路二段96巷7號,16,1
7,YouBike2.0_新生南路三段52號前,17,0,大安區,2023-06-10 14:07:04,新生南路三段52號,17,1
10,YouBike2.0_辛亥路一段30號前,8,2,大安區,2023-06-10 14:01:14,辛亥路一段30號,6,1
12,YouBike2.0_羅斯福路三段311號前,11,2,大安區,2023-06-10 14:19:13,羅斯福路三段311號,9,1
13,YouBike2.0_大安運動中心停車場,14,0,大安區,2023-06-10 14:13:04,敦南街76巷28號,14,1
14,YouBike2.0_羅斯福路三段245號前,8,1,大安區,2023-06-10 14:05:15,羅斯福路三段245號,7,1
15,YouBike2.0_溫州公園,5,1,大安區,2023-06-10 14:14:14,羅斯福路三段283巷11號,4,1
17,YouBike2.0_溫州停車場,5,0,大安區,2023-06-10 14:12:03,新生南路三段54巷/溫州街口,5,1
18,YouBike2.0_銘傳國小側門,7,0,大安區,2023-06-10 14:06:04,羅斯福路四段21號旁天橋下,7,1
21,YouBike2.0_臺灣科技大學正門,30,2,大安區,2023-06-10 14:03:14,基隆路四段43號(臺灣科技大學正門旁小側門靠田徑場),27,1
23,YouBike2.0_公館公園,15,0,大安區,2023-06-10 14:07:04,羅斯福路四段113巷基隆路四段41巷口,15,1
24,YouBike2.0_臺灣科技大學後門,39,0,大安區,2023-06-10 14:14:04,基隆路四段41巷68弄臺科帆船大樓旁,37,1
25,YouBike2.0_臺大醫學院附設癌醫中心,20,3,大安區,2023-06-10 14:19:13,基隆路三段155巷57號西側,17,1
26,YouBike2.0_臺大環研大樓,15,2,大安區,2023-06-10 14:04:14,芳蘭路/基隆路三段155巷口,13,1
27,YouBike2.0_臺大永齡生醫工程館,34,3,大安區,2023-06-10 14:19:13,芳蘭路51號西北側,31,1
28,YouBike2.0_臺大男七舍前,20,0,大安區,2023-06-10 14:13:04,長興街/長興街80巷口西側,20,1
29,YouBike2.0_臺大男一舍前,61,0,大安區,2023-06-10 14:17:28,長興街50號西北側,61,1
31,YouBike2.0_臺大動物醫院前,18,1,大安區,2023-06-10 14:17:38,基隆路三段155巷/基隆路四段口,17,1
32,YouBike2.0_臺大土木研究大樓前,24,5,大安區,2023-06-10 12:54:16,辛亥路三段188號,19,1
33,YouBike2.0_臺大萬才館前,20,4,大安區,2023-06-10 12:48:16,臺大萬才館北側,16,1
34,YouBike2.0_臺大國青大樓宿舍前,20,0,大安區,2023-06-10 13:52:04,辛亥路三段30號西北側,20,1
38,YouBike2.0_辛亥新生路口東南側,41,2,大安區,2023-06-10 14:06:15,辛亥新生路口東南側,39,1
39,YouBike2.0_基隆長興路口東側,15,3,大安區,2023-06-10 14:15:15,基隆長興路口東側,12,1
41,YouBike2.0_和平實小東北側,13,0,大安區,2023-06-10 12:51:04,敦南街73號,13,1
43,YouBike2.0_辛亥泰順街口,20,2,大安區,2023-06-10 14:16:15,辛亥泰順街口東南側,18,1
51,YouBike2.0_法治公園,15,1,大安區,2023-06-10 14:12:03,通化街189號西側,14,1
52,YouBike2.0_捷運臺電大樓站(2號出口),15,2,大安區,2023-06-10 14:13:14,辛亥路一段/羅斯福路三段口北側(辛亥路側),13,1
55,YouBike2.0_和平泰順街口,9,5,大安區,2023-06-10 14:19:13,和平東路一段/泰順街口東南側,4,1
58,YouBike2.0_捷運古亭站(5號出口),14,0,大安區,2023-06-10 14:08:04,和平東路一段19號前,14,1
64,YouBike2.0_金甌女中,12,3,大安區,2023-06-10 14:03:15,信義路二段與杭州南路二段東南側,8,1
67,YouBike2.0_敦化南路二段293巷口南側,14,1,大安區,2023-06-10 13:42:03,敦化南路二段293巷口南側,13,1
70,YouBike2.0_臨江街夜市(通化街101巷口),30,1,大安區,2023-06-10 14:18:14,通化街111號,29,1
71,YouBike2.0_臨江街夜市(基隆路),17,1,大安區,2023-06-10 14:12:13,基隆路二段108號,16,1
75,YouBike2.0_民榮公園,15,0,大安區,2023-06-03 19:11:04,建國南路一段304巷45號南側,15,0
79,YouBike2.0_捷運大安站(4號出口),13,1,大安區,2023-06-10 14:17:38,信義路4段6號(前),12,1
81,YouBike2.0_信義大安路口(信維大樓),12,3,大安區,2023-06-10 14:18:14,信義路四段74號(前),9,1
86,YouBike2.0_捷運信義安和站(2號出口),26,2,大安區,2023-06-10 14:19:13,信義路四段188號前,24,1
87,YouBike2.0_八德市場,30,4,大安區,2023-06-10 14:16:15,市民大道三段170號,26,1
88,YouBike2.0_昌隆公園,16,3,大安區,2023-06-10 14:15:15,市民大道三段206號西側,13,1
90,YouBike2.0_信義延吉街口,15,3,大安區,2023-06-10 14:15:15,信義路四段353號,11,1
92,YouBike2.0_僑安地下停車場(2號出口)東南側,20,4,大安區,2023-06-10 14:17:38,光復南路290巷5號,16,1
99,YouBike2.0_敦化市民路口,23,5,大安區,2023-06-10 14:06:15,敦化南路1段158號(前),18,1
100,YouBike2.0_捷運大安森林公園站(5號出口),15,1,大安區,2023-06-10 14:18:14,捷運大安森林公園站(5號出口)東側,13,1
102,YouBike2.0_東豐公園,19,1,大安區,2023-06-10 14:19:13,東豐街24號(旁公園路側),18,1
103,YouBike2.0_德安公園(四維路66巷),14,4,大安區,2023-06-10 14:09:14,四維路66巷6號北側,9,1
106,YouBike2.0_捷運忠孝敦化站(7號出口),18,3,大安區,2023-06-10 14:15:15,忠孝東路四段143號,15,1
107,YouBike2.0_瑞安街208巷,15,1,大安區,2023-06-10 14:15:15,瑞安街208巷39號對面,14,1
108,YouBike2.0_樂利路21巷口,17,3,大安區,2023-06-10 14:14:14,樂利路25號,14,1
111,YouBike2.0_仁愛醫院,30,4,大安區,2023-06-10 14:12:13,仁愛路四段/大安路一段口(西南側),26,1
114,YouBike2.0_仁愛延吉街口,25,4,大安區,2023-06-10 14:16:15,仁愛路四段376號前,21,1
122,YouBike2.0_仁愛路四段48巷口,11,4,大安區,2023-06-10 14:18:14,仁愛路四段48巷/東豐街(北側),7,1
123,YouBike2.0_捷運公館站(3號出口),90,3,大安區,2023-06-10 14:18:14,捷運公館站(3號出口)西側,87,1
127,YouBike2.0_辛亥新生路口西北側,12,0,大安區,2023-06-10 14:17:28,辛亥路一段/新生南路三段(西北側),12,1
128,YouBike2.0_捷運大安站(6號出口),19,1,大安區,2023-06-10 14:17:38,復興南路一段303號前,18,1
129,YouBike2.0_臥龍街195巷口,14,0,大安區,2023-06-10 14:07:04,臥龍街/臥龍街195巷(南側),14,1
130,YouBike2.0_辛亥路三段157巷口,19,2,大安區,2023-06-10 14:15:15,辛亥路三段與辛亥路三段157巷口西北側,17,1
131,YouBike2.0_臥龍基隆路口,16,4,大安區,2023-06-10 14:16:15,臥龍街與基隆路二段口東北側,12,1
132,YouBike2.0_敦親公園,20,4,大安區,2023-06-10 14:17:38,和平東路二段96巷8之1號(前方),16,1
133,YouBike2.0_大安運動中心,27,3,大安區,2023-06-10 14:16:15,辛亥路三段55號前方人行道(大安運動中心),24,1
139,YouBike2.0_市民復興路口(東南側),16,2,大安區,2023-06-10 14:11:15,市民大道四段/復興路一段口(東南側),14,1
147,YouBike2.0_捷運大安站(3號出口),44,2,大安區,2023-06-10 14:18:14,信義路三段184號前,42,1
148,YouBike2.0_捷運臺電大樓站(2號出口)_1,31,5,大安區,2023-06-10 13:43:14,羅斯福路三段201號旁,26,1
149,YouBike2.0_信義路四段199巷,15,0,大安區,2023-06-10 14:17:28,信義路四段199巷/安和路一段90巷口,15,1
157,YouBike2.0_和平東路二段18巷口,24,3,大安區,2023-06-10 14:12:14,辛亥路二段43號前,21,1
158,YouBike2.0_捷運大安站(5號出口),19,4,大安區,2023-06-10 14:17:38,復興南路二段/信義路四段(東南側),15,1
159,YouBike2.0_臨江公園,13,1,大安區,2023-06-10 13:34:03,通化街143巷33號對側,12,1
160,YouBike2.0_羅斯福路四段113巷19弄口,14,4,大安區,2023-06-10 13:42:14,羅斯福路四段119巷84號對側,10,1
162,YouBike2.0_仁愛延吉路口(西北側),18,4,大安區,2023-06-10 14:11:15,仁愛路四段363號前,14,1
165,YouBike2.0_敦化南路一段295巷口,18,2,大安區,2023-06-10 14:16:15,敦化南路一段295巷1號,16,1
170,YouBike2.0_重慶酒泉街口,30,1,大同區,2023-06-10 14:19:13,重慶北路三段260號前,29,1
171,YouBike2.0_樹德公園,14,1,大同區,2023-06-10 14:07:04,大龍街85巷12號對側,13,1
176,YouBike2.0_重慶國中,37,4,大同區,2023-06-10 13:38:13,敦煌路19號前,33,1
181,YouBike2.0_大稻埕公園,25,3,大同區,2023-06-10 14:17:38,安西街1巷7號(對側),22,1
182,YouBike2.0_大龍老人住宅,14,0,大同區,2023-06-10 14:17:28,民族西路82號前方,14,1
183,YouBike2.0_大龍峒社會住宅,20,1,大同區,2023-06-10 14:14:04,承德路三段210號旁,19,1
185,YouBike2.0_捷運大橋頭站(1A出口),18,1,大同區,2023-06-10 14:06:15,民權西路237號旁,17,1
186,YouBike2.0_捷運民權西路站(2號出口),25,3,大同區,2023-06-10 14:17:38,捷運民權西路站(2號出口)西側,22,1
189,YouBike2.0_朝陽公園,10,5,大同區,2023-06-10 14:19:13,重慶北路二段62-1號旁,5,1
192,YouBike2.0_重慶涼州街口,13,0,大同區,2023-06-10 14:04:04,重慶北路二段180號旁,13,1
193,YouBike2.0_圓山線形公園,14,3,大同區,2023-06-10 14:13:14,玉門街/民族西路(西北側),11,1
195,YouBike2.0_重慶民族路口,20,4,大同區,2023-06-10 14:17:38,重慶北路三段162號前,16,1
196,YouBike2.0_承德路三段8巷口,16,1,大同區,2023-06-10 14:15:15,承德路三段14號前,15,1
198,YouBike2.0_國順公園,20,3,大同區,2023-06-10 14:17:38,昌吉街117號前,17,1
199,YouBike2.0_聯合醫院中興院區,27,0,大同區,2023-06-10 14:19:03,長安西路299號(對面),27,1
200,YouBike2.0_蔣渭水紀念公園,24,1,大同區,2023-06-10 14:19:13,錦西街/興城街口(西南側),23,1
201,YouBike2.0_迪化休閒運動公園,15,2,大同區,2023-06-10 14:00:54,延平北路四段200號(南側),13,1
203,YouBike2.0_重慶保安街口(家樂福重慶店),20,2,大同區,2023-06-10 14:18:14,重慶北路二段171號(旁),18,1
205,YouBike2.0_歸綏戲曲公園,20,4,大同區,2023-06-10 14:14:14,重慶北路二段/歸綏街口(南側),16,1
206,YouBike2.0_民權國中(民權西路),17,1,大同區,2023-06-10 13:14:04,民權西路/蘭州街(西側),15,1
207,YouBike2.0_承德民權路口,17,3,大同區,2023-06-10 14:17:38,承德路二段239號前,14,1
208,YouBike2.0_南京太原路口,18,2,大同區,2023-06-10 14:17:38,南京西路/太原路(東側),16,1
210,YouBike2.0_太原五原路口,24,5,大同區,2023-06-10 14:19:13,太原路 / 五原路口(東南側),19,1
213,YouBike2.0_捷運中山站(5號出口),11,2,大同區,2023-06-10 14:18:14,南京西路57號前,9,1
214,YouBike2.0_重慶長安路口,15,5,大同區,2023-06-10 14:14:14,長安西路244號(重慶路側),10,1
215,YouBike2.0_承德昌吉街口,18,5,大同區,2023-06-10 14:17:38,承德路三段83號前,13,1
218,YouBike2.0_樹德公園_1,21,2,大同區,2023-06-10 14:17:38,大龍街/大龍街85巷(東北側),19,1
219,YouBike2.0_承德鄭州路口(市民高架下),38,3,大同區,2023-06-10 14:10:20,承德路一段/鄭州路口(市民高架下),35,1
220,YouBike2.0_成淵高中,14,0,大同區,2023-06-10 14:19:13,錦西街與錦西街52巷口東北側,14,1
221,YouBike2.0_雙蓮國小,20,0,大同區,2023-06-10 14:05:04,民權西路102巷4弄25號對側人行道,20,1
222,YouBike2.0_寧夏涼州街口,15,5,大同區,2023-06-10 14:18:14,寧夏路141號對側,10,1
223,YouBike2.0_延平涼州街口,14,3,大同區,2023-06-10 14:06:15,延平北路二段/涼州街口(行人天橋下),11,1
226,YouBike2.0_福港街停車場,22,0,士林區,2023-06-10 13:38:04,華齡街175號(旁),22,1
228,YouBike2.0_雨聲街165巷口,15,1,士林區,2023-06-10 12:48:04,雨聲街/雨聲街165巷(西北側),14,1
229,YouBike2.0_天和公園,13,0,士林區,2023-06-10 13:38:04,天母東路69巷30號(前方路側),13,1
232,YouBike2.0_臺北市立大學(天母校區),23,2,士林區,2023-06-10 14:02:14,士東路276號至280號對面人行道,21,1
235,YouBike2.0_天母北天玉街口,15,1,士林區,2023-06-10 14:03:15,天母北路33號(前),14,1
237,YouBike2.0_明勝公園,14,2,士林區,2023-06-10 14:15:15,承德路4段6巷71號(對面),12,1
239,YouBike2.0_忠誠路一段173巷口,11,2,士林區,2023-06-10 14:19:13,忠誠路一段177號(前),7,1
240,YouBike2.0_雨農國小,35,1,士林區,2023-06-10 14:17:38,忠誠路一段127號(前),34,1
241,YouBike2.0_忠誠公園,14,2,士林區,2023-06-10 14:19:13,忠誠路一段18號(對面),11,1
242,YouBike2.0_芝山抽水站,21,1,士林區,2023-06-10 14:15:15,至誠路二段47-49號(前),19,1
243,YouBike2.0_至誠路一段305巷口,21,3,士林區,2023-06-10 14:12:14,至誠路一段303號(對面),18,1
245,YouBike2.0_前港公園(福德宮),18,0,士林區,2023-06-10 14:19:03,後港街134巷/後港街口,18,1
246,YouBike2.0_華齡街185巷口,12,0,士林區,2023-06-10 14:05:04,華齡街188號(前),10,1
248,YouBike2.0_百齡高中,15,0,士林區,2023-06-10 14:02:04,承德路四段179巷/承德路4段口,15,1
254,YouBike2.0_福林國小,14,0,士林區,2023-06-10 14:09:04,福志路50號(對面),14,1
256,YouBike2.0_士林運動中心,30,1,士林區,2023-06-10 14:19:13,士商路1號(前),29,1
260,YouBike2.0_華聲公園,27,0,士林區,2023-02-03 10:09:04,華聲街17號(南側路側),27,0
262,YouBike2.0_捷運士林站(2號出口),30,4,士林區,2023-06-10 14:18:14,中山北路五段505巷44弄2號(對面),26,1
263,YouBike2.0_銘傳大學,30,0,士林區,2023-05-31 09:39:15,中山北路五段250號(銘傳大學對側),29,0
266,YouBike2.0_聯合醫院陽明院區,15,5,士林區,2023-06-10 14:12:14,雨聲街105號(南側),10,1
271,YouBike2.0_梅林新村,15,0,士林區,2023-06-10 10:57:04,至善路一段/至善路一段138巷(北側),15,1
274,YouBike2.0_重慶北葫東街口,15,5,士林區,2023-06-10 13:01:00,重慶北路四段177號(前),10,1
283,YouBike2.0_泰北高中,16,3,士林區,2023-06-10 13:30:39,福林路240號(前),13,1
284,YouBike2.0_後港公園,15,3,士林區,2023-06-10 14:19:13,通河東街二段26號(旁公園),12,1
286,YouBike2.0_社子島島頭公園,15,4,士林區,2023-06-10 13:43:14,延平北路九段323號(後方堤外),11,1
295,YouBike2.0_蘭雅國小,27,4,士林區,2023-06-10 14:14:14,礦溪街與中山北路六段195巷口,23,1
296,YouBike2.0_中正基河路口,28,3,士林區,2023-06-10 14:05:15,中正路420號前,25,1
298,YouBike2.0_至善臨溪路口,22,5,士林區,2023-06-10 13:45:15,至善路一段/臨溪路(西南側),17,1
302,YouBike2.0_雨農橋,16,1,士林區,2023-06-10 13:35:14,福志路14巷42號(對面),14,1
305,YouBike2.0_至誠雨聲街口,9,0,士林區,2023-06-10 12:50:13,至誠路二段與雨聲街口東北側,9,1
306,YouBike2.0_捷運線型公園(後街),13,3,士林區,2023-06-10 14:09:14,後街15號旁,10,1
307,YouBike2.0_天母公園,12,0,士林區,2023-06-10 13:30:28,中山北路七段141巷30號對側,12,1
309,YouBike2.0_文林福華路口,19,2,士林區,2023-06-10 14:19:13,文林路 / 福華路口(東側),17,1
313,YouBike2.0_德行東山路口,12,0,士林區,2023-06-10 13:59:03,德行東路/東山路(西北側),12,1
315,YouBike2.0_葫蘆國小(延平北路五段285巷),15,1,士林區,2023-06-10 14:12:14,環河北路三段/延平北路五段285巷,14,1
316,YouBike2.0_社子市場,15,5,士林區,2023-06-10 13:35:14,延平北路六段67號旁,10,1
317,YouBike2.0_士林區農會社子分部,8,2,士林區,2023-06-10 14:18:14,社子街162號旁,6,1
323,YouBike2.0_中山福國路口,14,0,士林區,2023-05-29 11:56:14,中山北路五段837號前,14,0
331,YouBike2.0_士商路40巷口,15,5,士林區,2023-06-10 14:16:15,士商路40巷2號旁,10,1
334,YouBike2.0_美崙公園,13,0,士林區,2023-06-10 14:13:04,美崙街118號斜對面人行道,13,1
337,YouBike2.0_美崙公園(東北側),15,2,士林區,2023-06-10 14:04:14,文林路587巷115號對側,13,1
346,YouBike2.0_景福街/羅斯福路6段142巷口,28,0,文山區,2023-06-10 14:16:03,景福街/羅斯福路6段142巷口,28,1
348,YouBike2.0_興福國中,25,2,文山區,2023-06-10 14:16:15,福興路95巷/福興路63巷4弄口,23,1
351,YouBike2.0_景美醫院,18,4,文山區,2023-06-10 14:14:14,羅斯福路六段280號(前),14,1
352,YouBike2.0_師範大學公館校區,14,0,文山區,2023-06-10 13:58:04,汀州路四段77號(旁),14,1
354,YouBike2.0_仙跡岩登山口(景興路),22,5,文山區,2023-06-10 14:09:14,景興街239號(前),17,1
356,YouBike2.0_捷運動物園站,18,3,文山區,2023-06-10 14:12:14,新光路二段30號(對面),15,1
358,YouBike2.0_捷運萬芳社區站,31,2,文山區,2023-06-10 14:16:15,萬芳路60號(西側廣場),29,1
359,YouBike2.0_文山運動中心,20,4,文山區,2023-06-10 14:14:14,興隆路三段/興隆路三段192巷8弄,16,1
375,YouBike2.0_木新路3段95巷口,16,2,文山區,2023-06-10 14:09:14,木新路三段95巷30號(對面),14,1
377,YouBike2.0_實踐國中,14,2,文山區,2023-06-10 11:41:15,忠順街一段2號(旁),11,1
378,YouBike2.0_指南路3段2巷,13,0,文山區,2023-06-10 14:02:04,指南路三段4號(旁),13,1
380,YouBike2.0_木柵社會住宅,12,5,文山區,2023-06-10 14:11:15,久康街24巷46號對側,7,1
381,YouBike2.0_秀明路一段185巷口,20,5,文山區,2023-06-10 14:08:15,秀明路一段與秀明路一段185巷口,15,1
382,YouBike2.0_秀明路一段129巷口,22,2,文山區,2023-06-10 13:57:14,秀明路一段129巷與秀明路一段路口,20,1
383,YouBike2.0_恆光橋(老泉街),13,4,文山區,2023-06-10 14:18:14,老泉街/恆光街口,9,1
386,YouBike2.0_興得閱覽室,24,1,文山區,2023-06-10 14:12:14,興隆路三段304巷145號,23,1
390,YouBike2.0_仙岩公園,11,2,文山區,2023-06-10 13:50:20,仙岩路16巷37號旁,9,1
391,YouBike2.0_政大一街口,14,2,文山區,2023-06-10 11:45:16,政大一街19號對側,12,1
393,YouBike2.0_移民署訓練中心,13,1,文山區,2023-06-10 13:12:15,興隆路三段306號,12,1
394,YouBike2.0_海巡署(南側),10,0,文山區,2023-06-10 10:59:03,興隆路三段211號對側(公車亭後),10,1
395,YouBike2.0_明道國小東南側,18,3,文山區,2023-06-10 14:08:15,興隆路四段109巷116號對側,15,1
396,YouBike2.0_木南公園,12,4,文山區,2023-06-10 13:04:14,木新路二段永安街22巷口,8,1
398,YouBike2.0_師範大學公館校區_1,25,0,文山區,2023-06-10 14:12:03,師大公館校區校門口(汀州路側),25,1
400,YouBike2.0_政大水岸電梯,10,1,文山區,2023-06-10 13:52:14,政治大學水岸電梯旁,9,1
401,YouBike2.0_敦南山林,14,1,文山區,2023-06-10 14:17:38,木柵路四段159巷16弄(社區出入口對側),13,1
402,YouBike2.0_辛亥路五段73巷口,13,0,文山區,2023-06-10 14:04:04,辛亥路五段75-1號前人行道,13,1
404,YouBike2.0_萬和三號公園(北側),13,3,文山區,2023-06-10 12:26:16,溪洲街107巷(公園北側),10,1
407,YouBike2.0_師大公館校區學二舍,40,1,文山區,2023-06-10 14:18:14,臺灣師範大學學二舍西側人行道,39,1
409,YouBike2.0_萬興國小,16,1,文山區,2023-06-10 12:17:23,秀明路二段114號公車亭旁,15,1
411,YouBike2.0_景興路42巷口,12,5,文山區,2023-06-10 14:09:14,景興路42巷與景興路口西南側,7,1
412,YouBike2.0_木柵路三段48巷,15,0,文山區,2023-06-10 11:19:04,木柵路三段48巷1弄口,15,1
413,YouBike2.0_木柵路二段109巷,15,2,文山區,2023-06-10 13:36:15,木柵路二段109巷14號旁,13,1
415,YouBike2.0_萬美萬安街口,16,0,文山區,2023-06-10 10:14:04,萬美街一段/萬安街口,16,1
424,YouBike2.0_捷運臺電大樓站(1號出口),34,5,中正區,2023-06-10 14:19:13,辛亥路一段/羅斯福路三段南側,29,1
427,YouBike2.0_紀州庵,25,3,中正區,2023-06-10 14:18:14,水源路/同安街口(東側),22,1
432,YouBike2.0_捷運古亭站(8號出口),15,1,中正區,2023-06-10 14:16:15,和平西路一段13-1號前方,14,1
433,YouBike2.0_捷運古亭站(7號出口),12,1,中正區,2023-06-10 14:19:13,羅斯福路二段44號前方,11,1
437,YouBike2.0_羅斯福路二段6巷口,14,5,中正區,2023-06-10 14:13:14,羅斯福路二段/羅斯福路二段6巷口,9,1
438,YouBike2.0_金華杭州南路口,21,5,中正區,2023-06-10 14:05:15,金華街口/杭州南路二段西北側,16,1
440,YouBike2.0_捷運中正紀念堂站(4號出口),21,3,中正區,2023-06-10 14:19:13,羅斯福路一段5號前方,18,1
441,YouBike2.0_重慶南海路口西南側,16,3,中正區,2023-06-10 14:10:20,重慶南路二段與南海路口西南側,13,1
445,YouBike2.0_中華路二段409巷口,15,4,中正區,2023-06-10 14:13:14,中華路二段403號前,11,1
447,YouBike2.0_南海和平路口西南側,19,2,中正區,2023-06-10 13:59:14,南海路與和平西路二段西南側,17,1
448,YouBike2.0_莒光和平路口,20,2,中正區,2023-06-10 14:04:14,莒光路2號前,18,1
449,YouBike2.0_水源路11-1號旁,19,2,中正區,2023-06-10 13:49:14,水源路11-1號(旁),17,1
451,YouBike2.0_捷運小南門站(2號出口),18,5,中正區,2023-06-10 14:03:15,愛國西路30號之2前方,13,1
457,YouBike2.0_林森仁愛路口,13,4,中正區,2023-06-10 14:17:38,林森南路與仁愛路一段西北側,9,1
458,YouBike2.0_中正運動中心,30,1,中正區,2023-06-10 14:17:38,信義路一段1號前,29,1
460,YouBike2.0_捷運善導寺站(3號出口),20,0,中正區,2023-06-10 14:18:14,林森南路1號南側,20,1
463,YouBike2.0_捷運西門站(2號出口),36,5,中正區,2023-06-10 14:11:15,中華路一段59號旁,31,1
464,YouBike2.0_寶慶博愛路口,27,3,中正區,2023-06-10 14:19:13,博愛路162號,23,1
469,YouBike2.0_聯合醫院和平院區,32,0,中正區,2023-06-10 13:58:04,中華路二段33號旁,32,1
472,YouBike2.0_中華路一段21巷口,22,5,中正區,2023-06-10 14:11:15,中華路一段11號(斜前方),17,1
473,YouBike2.0_捷運臺大醫院站(4號出口),60,4,中正區,2023-06-10 14:18:14,常德街1號(公園路側),56,1
474,YouBike2.0_寶藏巖觀音亭,23,2,中正區,2023-06-10 13:39:14,汀州路三段230巷23號,20,1
475,YouBike2.0_師大水源路口,21,3,中正區,2023-06-10 14:16:15,師大路/水源路口(東南側),18,1
476,YouBike2.0_中山徐州路口,16,5,中正區,2023-06-10 14:19:13,中山南路/徐州路(東南側),11,1
477,YouBike2.0_信義連雲街口,31,5,中正區,2023-06-10 14:18:14,信義路二段213號前,26,1
484,YouBike2.0_北平東杭州北路口,20,4,中正區,2023-06-10 14:09:14,北平東路/杭州北路口(東北側),16,1
487,YouBike2.0_林森徐州路口,16,2,中正區,2023-06-10 14:17:38,林森南路/徐州路口(西南側),14,1
488,YouBike2.0_徐州杭州路口,19,4,中正區,2023-06-10 14:09:14,徐州路/杭州南路一段口(西北側),15,1
489,YouBike2.0_捷運中正紀念堂站(6號出口),17,0,中正區,2023-06-10 13:32:04,捷運中正紀念堂站(6號出口)北側,17,1
490,YouBike2.0_捷運臺北車站(M2出口),20,3,中正區,2023-06-10 14:10:09,市民大道一段168號旁,17,1
493,YouBike2.0_弘道國中,18,2,中正區,2023-06-10 13:09:14,公園路21號西北側,16,1
494,YouBike2.0_臺北市第一女子高級中學,17,1,中正區,2023-06-10 13:34:04,重慶南路一段165號旁,16,1
496,YouBike2.0_紹興徐州路口,18,3,中正區,2023-06-10 13:12:15,紹興南街/徐州路(東南側),15,1
501,YouBike2.0_仁愛金山路口,9,1,中正區,2023-06-10 13:50:21,仁愛路二段31號前,8,1
502,YouBike2.0_杭州南路一段101巷口,14,3,中正區,2023-06-10 12:52:16,金山南路一段72號前,11,1
503,YouBike2.0_仁愛杭州路口,15,1,中正區,2023-06-10 14:08:04,仁愛路一段59號旁,14,1
506,YouBike2.0_郵政博物館,20,5,中正區,2023-06-10 14:12:14,重慶南路二段45號前方(郵政博物館前),15,1
509,YouBike2.0_天津北平路口,15,1,中正區,2023-06-10 14:10:09,天津街1號對側人行道,14,1
511,YouBike2.0_捷運忠孝新生站(5號出口),13,5,中正區,2023-06-10 14:06:15,新生南路一段56號前方,8,1
512,YouBike2.0_捷運臺大醫院站(1號出口),19,0,中正區,2023-06-10 13:47:03,公園路/常德街口(西側),19,1
514,YouBike2.0_林森濟南路口(東北側),15,4,中正區,2023-06-10 14:09:14,林森南路/濟南路一段口(東北側),11,1
517,YouBike2.0_立法院台北會館,15,0,中正區,2023-06-10 14:14:04,博愛路217號旁,14,1
518,YouBike2.0_捷運善導寺站(3號出口)(忠孝東路側),17,0,中正區,2023-06-10 14:12:03,忠孝東路一段/林森南路口,16,1
522,YouBike2.0_仁愛金山路口(東南側),14,2,中正區,2023-06-10 13:23:14,仁愛路二段48-4號前,12,1
524,YouBike2.0_重慶南詔安街口,15,4,中正區,2023-06-10 13:28:14,重慶南路三段/詔安街,11,1
525,YouBike2.0_文光公園,17,4,中正區,2023-06-10 14:05:15,仁愛路二段65巷4號對側,13,1
526,YouBike2.0_捷運中正紀念堂站(2號出口),12,0,中正區,2023-06-10 14:00:41,羅斯福路一段10號前,12,1
527,YouBike2.0_螢圃里小公園,19,1,中正區,2023-06-10 14:15:15,汀州路二段135號對側,18,1
529,YouBike2.0_通北街65巷口,16,2,中山區,2023-06-10 14:14:14,通北街/通北街65巷口(東北側),14,1
531,YouBike2.0_樂群二堤頂大道口,20,4,中山區,2023-06-10 14:00:54,堤頂大道二段382號(旁),16,1
532,YouBike2.0_劍潭社區,13,4,中山區,2023-06-10 14:15:15,通北街146巷2弄2號(對面公園),9,1
541,YouBike2.0_南京遼寧街口,34,0,中山區,2023-06-10 14:10:09,南京東路三段189號(對面),34,1
543,YouBike2.0_新生長安路口,20,0,中山區,2023-06-10 14:17:28,新生北路一段/長安東路二段交叉口(北側),20,1
544,YouBike2.0_市民林森路口,29,2,中山區,2023-06-10 14:05:15,市民大道二段/林森北路(東北側),27,1
545,YouBike2.0_南京新生路口,30,4,中山區,2023-06-10 14:14:14,新生北路一段/南京東路一段口(橋墩下方),26,1
547,YouBike2.0_松江公園,25,1,中山區,2023-06-10 14:14:14,松江路/松江路84巷(西北側路側),24,1
548,YouBike2.0_新生長春路口,20,3,中山區,2023-06-10 13:59:14,新生北路二段/新生北路二段68巷交叉口(新生橋下),17,1
549,YouBike2.0_第二果菜批發市場,28,5,中山區,2023-06-10 14:19:14,民族東路410巷2弄18號(東側),23,1
554,YouBike2.0_建國長春路口,16,2,中山區,2023-06-10 14:19:14,建國北路/長春路口(南側),14,1
555,YouBike2.0_南京建國路口,42,3,中山區,2023-06-10 14:15:15,南京東路二段/建國北路二段(北側),39,1
558,YouBike2.0_中吉公園,15,1,中山區,2023-06-10 14:09:14,松江路170巷20號對側,14,1
559,YouBike2.0_華山公園,19,4,中山區,2023-06-10 14:14:14,市民大道與長安東路一段52巷口,15,1
560,YouBike2.0_建國北路一段17巷,45,0,中山區,2023-06-10 10:16:04,建國北路一段17巷/八德路二段137巷口,45,1
563,YouBike2.0_捷運中山國小站(2號出口),59,5,中山區,2023-06-10 14:18:14,捷運中山國小站(2號出口)後方,54,1
565,YouBike2.0_林森農安街口,17,2,中山區,2023-06-10 14:19:14,林森北路582號(前),15,1
566,YouBike2.0_捷運中山國小站(4號出口),20,0,中山區,2023-06-10 13:57:04,民權東路一段/民權東路一段71巷口,20,1
568,YouBike2.0_新生德惠街口,15,0,中山區,2023-06-10 13:50:10,新生北路三段76號對側,15,1
569,YouBike2.0_民族林森路口,20,3,中山區,2023-06-10 14:14:14,民族東路17號前,17,1
572,YouBike2.0_新生高架停車場(林森北路107巷口),14,2,中山區,2023-06-10 14:15:15,新生北路一段與林森北路107巷口(新生高架橋下),12,1
574,YouBike2.0_仁德公園,18,5,中山區,2023-06-10 14:00:54,吉林路108巷與南京東路二段21巷口東南側,13,1
580,YouBike2.0_松江路431巷口,15,1,中山區,2023-06-10 13:59:03,松江路433號前,14,1
581,YouBike2.0_新喜公園,13,0,中山區,2023-06-10 14:05:04,德惠街170巷22號對側,13,1
582,YouBike2.0_吉林路407巷口,15,2,中山區,2023-06-10 14:18:14,吉林路401號前,12,1
585,YouBike2.0_中山公民會館,20,5,中山區,2023-06-10 14:03:15,中山北路二段128巷口,15,1
586,YouBike2.0_渭水八德路口,23,3,中山區,2023-06-10 14:15:15,渭水路54號對側,20,1
589,YouBike2.0_新生公園,16,1,中山區,2023-06-10 14:14:14,民族東路/吉林路口(西北側),15,1
591,YouBike2.0_林森長春路口,28,3,中山區,2023-06-10 14:15:15,長春路29號前,24,1
593,YouBike2.0_松江路77巷口,10,2,中山區,2023-06-10 14:19:14,松江路77巷口,8,1
594,YouBike2.0_建國長安路口,20,5,中山區,2023-06-10 14:16:15,建國北路一段與長安東路二段口北側,15,1
595,YouBike2.0_市民新生路口,15,5,中山區,2023-06-10 13:36:15,新生北路一段36號前,10,1
596,YouBike2.0_民權吉林路口,15,3,中山區,2023-06-10 14:09:14,民權東路二段51號前,11,1
597,YouBike2.0_中山農安街口,17,3,中山區,2023-06-10 14:19:14,中山北路三段25號前,14,1
599,YouBike2.0_中吉公園(松江路188巷),22,3,中山區,2023-06-10 14:10:20,松江路188巷11號對側,19,1
601,YouBike2.0_中原民生路口,15,3,中山區,2023-06-10 14:15:15,民生東路二段33號旁,12,1
602,YouBike2.0_國立臺北大學(臺北校區),38,0,中山區,2023-06-10 13:53:04,民生東路三段67號前,38,1
603,YouBike2.0_錦州吉林路口,20,0,中山區,2023-06-10 14:17:28,錦州街174號前,20,1
606,YouBike2.0_新生錦州街口,20,1,中山區,2023-06-10 14:19:03,新生北路二段100號前,19,1
608,YouBike2.0_大佳社區公園,15,0,中山區,2023-06-10 11:41:04,濱江街154巷對側,15,1
611,YouBike2.0_復興北路514巷口東側,10,4,中山區,2023-06-10 14:19:14,復興北路514巷66號前側,6,1
612,YouBike2.0_台泥大樓,18,2,中山區,2023-06-10 14:18:14,中山北路二段113-133號前,16,1
613,YouBike2.0_植福樂群路口,10,4,中山區,2023-06-10 13:01:01,植福路/樂群三路(西北側),6,1
614,YouBike2.0_新興公園,20,2,中山區,2023-06-10 14:19:14,錦州街13巷/中山北路二段137巷口(東南側),18,1
615,YouBike2.0_南京伊通街口,11,3,中山區,2023-06-10 14:18:14,南京東路二段178-1號,8,1
616,YouBike2.0_南京龍江路口,15,1,中山區,2023-06-10 14:15:15,南京東路三段121號前,14,1
620,YouBike2.0_捷運松江南京站(4號出口),32,1,中山區,2023-06-10 14:17:28,松江路95-1至109號前方,31,1
622,YouBike2.0_長春路137巷口,16,5,中山區,2023-06-10 14:11:15,民生東路二段134號前,11,1
624,YouBike2.0_松江路132巷口,14,1,中山區,2023-06-10 13:55:24,吉林路100號對側,13,1
625,YouBike2.0_長春吉林路口,10,1,中山區,2023-06-10 13:28:14,長春路120號前,9,1
626,YouBike2.0_長春一江街口,11,3,中山區,2023-06-10 14:19:14,長春路135號前,8,1
628,YouBike2.0_南京一江街口,10,5,中山區,2023-06-10 13:57:14,南京東路二段85號前,5,1
629,YouBike2.0_松江長春路口,16,3,中山區,2023-06-10 14:06:15,松江路158號前,13,1
630,YouBike2.0_經國七海文化園區,15,3,中山區,2023-06-10 13:19:14,北安路301號前,12,1
631,YouBike2.0_民族玉門街口,20,1,中山區,2023-06-10 14:16:03,民族西路口與玉門街口東北側,19,1
632,YouBike2.0_新生農安街口,15,0,中山區,2023-06-10 13:13:04,新生北路三段與農安街口(高架橋下),15,1
633,YouBike2.0_稻江高級護理家事職業學校,14,0,中山區,2023-06-10 14:08:04,農安街77巷與農安街77巷1弄口,14,1
634,YouBike2.0_捷運大直站(3號出口)_1,18,5,中山區,2023-06-10 14:07:14,北安路458巷41弄52之1號前,13,1
635,YouBike2.0_樂群二明水路口_1,20,4,中山區,2023-06-10 14:11:15,樂群二路 / 明水路口(東側),16,1
636,YouBike2.0_民權吉林路口(南側),16,1,中山區,2023-06-10 14:16:15,民權東路二段46號前,15,1
637,YouBike2.0_長春龍江路口,24,4,中山區,2023-06-10 14:04:14,長春路與龍江路口西北側,20,1
639,YouBike2.0_建國長春路口(北側),20,1,中山區,2023-06-10 14:06:15,建國北路/長春路口(北側),19,1
640,YouBike2.0_中山行政中心,24,3,中山區,2023-06-10 14:18:14,松江路/農安街口,21,1
642,YouBike2.0_劍潭社區_1,18,4,中山區,2023-06-10 14:07:04,通北街143號前,14,1
643,YouBike2.0_濱江國小游泳池,16,1,中山區,2023-06-10 13:40:21,樂群二路266巷99號前,15,1
646,YouBike2.0_復華公園,20,2,中山區,2023-06-10 14:08:15,南京東路三段109巷/龍江路120巷,18,1
647,YouBike2.0_新生民族路口(西南側),15,1,中山區,2023-06-10 14:14:14,新生北路三段/民族東路(西南側),14,1
649,YouBike2.0_八德市場(北側),16,2,中山區,2023-06-10 14:12:14,建國南路一段/市民大道交叉口(北側),14,1
650,YouBike2.0_龍江朱崙街口,14,2,中山區,2023-06-10 14:17:38,龍江路/朱崙街口西北側,12,1
651,YouBike2.0_大直街94巷,15,4,中山區,2023-06-10 13:55:24,大直街94巷口,11,1
652,YouBike2.0_捷運南京復興站(8號出口),25,2,中山區,2023-06-10 14:17:38,南京東路三段221號前,23,1
654,YouBike2.0_林森德惠街口,16,1,中山區,2023-06-10 14:19:03,德惠街11號東側,15,1
657,YouBike2.0_新生長春路口(東北側),19,2,中山區,2023-06-10 14:06:15,新生北路二段39-2號對側,17,1
659,YouBike2.0_敬業三樂群三路口(西北側),16,2,中山區,2023-06-10 14:18:14,敬業三路/樂群三路口,14,1
660,YouBike2.0_長春路258巷2弄口,15,2,中山區,2023-06-10 14:09:14,長春路258巷6號北側,13,1
661,YouBike2.0_長寧大廈社區(南側),15,1,中山區,2023-06-10 14:08:15,遼寧街201巷13號前,14,1
664,YouBike2.0_市民安東街口,20,2,中山區,2023-06-10 14:00:54,市民大道三段179號前,18,1
665,YouBike2.0_市民大道二段5巷口,15,0,中山區,2023-06-10 13:35:04,市民大道二段/市民大道二段5巷,15,1
667,YouBike2.0_北勢湖環保公園,15,0,內湖區,2023-06-10 14:00:41,內湖路一段66-72號前方公園,15,1
668,YouBike2.0_洲子一號公園,43,4,內湖區,2023-06-10 14:06:15,基湖路37號西側,33,1
669,YouBike2.0_西康公園,16,0,內湖區,2023-06-10 14:00:41,內湖路一段225巷口,16,1
670,YouBike2.0_文湖國小,31,4,內湖區,2023-06-10 14:19:14,文湖街21巷口北側,27,1
671,YouBike2.0_文湖街81巷10號西側,14,3,內湖區,2023-06-10 13:53:16,文湖街81巷10號西側,11,1
672,YouBike2.0_德明財經科技大學,27,1,內湖區,2023-06-10 14:11:15,環山路一段56號南側,26,1
674,YouBike2.0_麗山高中,25,4,內湖區,2023-06-10 13:14:14,環山路二段141號北側,21,1
675,YouBike2.0_港華五號公園,16,5,內湖區,2023-06-10 12:34:15,環山路二段81號西北側,11,1
676,YouBike2.0_大湖國小,25,0,內湖區,2023-06-10 14:17:28,大湖山莊街/大湖山莊街176巷(東南側),25,1
677,YouBike2.0_安湖三號公園,12,2,內湖區,2023-06-10 14:14:14,東湖路113巷49弄3號北側,10,1
678,YouBike2.0_東湖路113巷95弄,10,4,內湖區,2023-06-10 12:46:17,東湖路113巷95弄13號西側,6,1
679,YouBike2.0_瑞光計程車服務站,20,4,內湖區,2023-06-10 14:08:15,港墘路221巷2號,16,1
680,YouBike2.0_文德三號公園(江南街71巷16弄),15,0,內湖區,2023-06-10 14:16:03,瑞光路271號東南側,15,1
682,YouBike2.0_康寧星雲街口,12,5,內湖區,2023-06-10 13:43:14,康寧路一段116號,7,1
683,YouBike2.0_星雲街47號,15,3,內湖區,2023-06-10 14:17:39,星雲街47號南側,12,1
684,YouBike2.0_捷運西湖站(1號出口),35,0,內湖區,2023-06-10 14:19:03,內湖路一段285巷15號(對面),34,1
685,YouBike2.0_捷運西湖站(2號出口),12,5,內湖區,2023-06-10 14:09:14,內湖路一段291號(對面),7,1
687,YouBike2.0_港都公園,15,2,內湖區,2023-06-10 14:19:14,港華街57號(對面),13,1
688,YouBike2.0_環山路二段26巷口,29,1,內湖區,2023-06-10 14:18:14,環山路二段/環山路二段26巷(西南側),28,1
695,YouBike2.0_文德二號公園(北側),15,4,內湖區,2023-06-10 14:15:15,文德路210巷12號對側,11,1
696,YouBike2.0_瑞陽公園,12,2,內湖區,2023-06-10 14:04:14,文德路22巷6號(對面),10,1
698,YouBike2.0_潭美街213號,12,1,內湖區,2023-06-10 13:58:04,潭美街213號南側,11,1
701,YouBike2.0_新明路343號,10,5,內湖區,2023-06-10 12:34:15,新明路341號北側,5,1
703,YouBike2.0_內湖行政中心,25,2,內湖區,2023-06-10 13:10:22,民權東路六段99號(前),23,1
704,YouBike2.0_樂康公園,20,5,內湖區,2023-06-10 12:36:17,康樂街61巷73弄22-1號南側,15,1
705,YouBike2.0_安康路32巷24弄,21,4,內湖區,2023-06-10 12:32:15,安康路32巷24弄22號,17,1
707,YouBike2.0_南京東路六段368巷,33,3,內湖區,2023-06-10 12:46:17,南京東路六段382號西南側,30,1
709,YouBike2.0_民權瑞光路口,20,2,內湖區,2023-06-10 12:46:17,民權東路六段50號,18,1
711,YouBike2.0_民權東路六段15巷,17,5,內湖區,2023-06-10 14:00:54,民權東路六段15巷29號,12,1
712,YouBike2.0_扶輪親恩公園,17,2,內湖區,2023-06-10 14:17:39,民權東路六段30號,15,1
717,YouBike2.0_福華商場,20,1,內湖區,2023-06-10 14:16:03,民權東路六段/民權東路六段180巷(西南側),19,1
718,YouBike2.0_臺北市網球中心,16,3,內湖區,2023-06-10 14:08:15,民權東路六段208號(前),13,1
720,YouBike2.0_麗湖國小,18,5,內湖區,2023-06-10 13:47:14,金湖路363巷11號(對面),13,1
721,YouBike2.0_金湖路347巷125弄口,15,0,內湖區,2023-06-10 13:38:04,金湖路347巷125弄1號(對面),15,1
722,YouBike2.0_碧湖公園,15,3,內湖區,2023-06-10 14:19:14,內湖路二段/內湖路二段103巷口(東北側),12,1
723,YouBike2.0_碧湖公園(內湖路二段103巷),19,2,內湖區,2023-06-10 14:09:14,內湖路二段103巷76號(對面),17,1
724,YouBike2.0_貿七社區,17,5,內湖區,2023-06-10 14:18:14,內湖路二段179巷48弄17號(旁),12,1
725,YouBike2.0_內湖區農會,12,0,內湖區,2023-06-10 14:14:04,內湖路二段334號(前),12,1
728,YouBike2.0_康寧路一段156巷20弄口,17,4,內湖區,2023-06-10 13:11:16,康寧路一段156巷/康寧路一段156巷20弄(西側),13,1
730,YouBike2.0_安泰街83巷,20,4,內湖區,2023-06-10 14:18:14,安泰街83巷3號(對面),16,1
731,YouBike2.0_內溝溪生態展示館,8,4,內湖區,2023-06-10 14:03:15,康樂街236-3號(前),4,1
733,YouBike2.0_東湖國中,16,1,內湖區,2023-06-10 14:15:15,康樂街125巷4號(對面),15,1
734,YouBike2.0_石潭公園(安康路),20,4,內湖區,2023-06-10 13:22:14,安康路28號西北側,16,1
737,YouBike2.0_康寧路三段54巷口,15,5,內湖區,2023-06-10 11:21:17,康寧路三段54-5號西側,10,1
738,YouBike2.0_行善路25巷口,21,3,內湖區,2023-06-10 14:19:14,行善路39號(前),18,1
740,YouBike2.0_下灣公園,16,4,內湖區,2023-06-10 12:21:17,民權東路六段206巷/民權東路六段190巷75弄(西北側),12,1
747,YouBike2.0_星雲街138巷1弄口,15,4,內湖區,2023-06-10 14:19:14,星雲街138巷18號,11,1
748,YouBike2.0_東湖一號公園,10,2,內湖區,2023-06-10 14:19:14,康寧路三段189巷163弄13號東南側,8,1
750,YouBike2.0_康湖二號公園(康寧醫院),16,4,內湖區,2023-06-10 14:19:14,成功路五段420巷17號東側,12,1
752,YouBike2.0_下灣公園(成功路),16,3,內湖區,2023-06-10 13:36:15,成功路二段189號北側,13,1
753,YouBike2.0_舊宗行善路口,9,3,內湖區,2023-06-10 13:43:14,行善路179號西側,6,1
755,YouBike2.0_成功路四段41巷口,12,2,內湖區,2023-06-10 13:14:14,成功路四段41巷6號前側,10,1
756,YouBike2.0_金湖星雲街口,30,2,內湖區,2023-06-10 12:09:14,金湖路83號對側,28,1
757,YouBike2.0_國防醫學院,15,0,內湖區,2023-06-10 12:37:04,民權東路六段161號前側,15,1
760,YouBike2.0_九華公園,16,2,內湖區,2023-06-10 14:03:15,文湖街21巷68弄25-6號北側,14,1
761,YouBike2.0_內湖路二段179巷口,16,2,內湖區,2023-06-10 14:06:15,內湖路二段179巷242號對側,14,1
762,YouBike2.0_行善行愛路口,12,0,內湖區,2023-06-10 12:58:05,行善路243號(前),12,1
767,YouBike2.0_西康二號公園,21,2,內湖區,2023-06-10 14:15:15,文湖街60巷/環山路一段24巷(北側),19,1
768,YouBike2.0_三民國中(民權東路六段47巷),13,0,內湖區,2023-06-10 13:57:04,民權東路六段47巷6號對側,13,1
769,YouBike2.0_瑞光路76巷口,12,4,內湖區,2023-06-10 12:26:16,瑞光路102號前,8,1
771,YouBike2.0_新湖國小,12,1,內湖區,2023-06-10 12:23:04,民權東路六段/成功路二段320巷31弄(東南側),11,1
775,YouBike2.0_宏匯瑞光廣場(港墘路),20,4,內湖區,2023-06-10 14:05:15,瑞光路355號前(港墘路側人行道),16,1
776,YouBike2.0_康樂街151巷,14,3,內湖區,2023-06-10 14:15:15,康樂街151巷/康樂街,11,1
777,YouBike2.0_內湖路一段360巷,15,1,內湖區,2023-06-10 13:53:04,內湖路一段358號,14,1
778,YouBike2.0_成功路三段83號前,11,0,內湖區,2023-06-10 13:58:04,成功路三段83號前,11,1
779,YouBike2.0_內湖路一段47巷,16,5,內湖區,2023-06-10 14:16:15,內湖路一段47巷/內湖路一段47巷22弄,11,1
780,YouBike2.0_陽光舊宗路口,20,3,內湖區,2023-06-10 13:44:14,陽光街/舊宗路二段,17,1
781,YouBike2.0_安湖公園,8,3,內湖區,2023-06-10 12:21:17,東湖路113巷95弄/康寧路三段75巷,5,1
782,YouBike2.0_湖興公園,16,2,內湖區,2023-06-10 14:07:15,成功路二段250巷23弄/成功路二段312巷,14,1
783,YouBike2.0_安泰街(康樂橋下),15,2,內湖區,2023-06-10 14:14:14,安泰街(康樂橋下),13,1
784,YouBike2.0_康樂綠地,15,1,內湖區,2023-06-10 14:12:14,康樂街191巷/康樂街,14,1
786,YouBike2.0_明美公園(行善路333巷),16,1,內湖區,2023-06-10 13:05:16,行善路333巷92號前,15,1
790,YouBike2.0_內湖路三段326巷口,15,2,內湖區,2023-06-10 14:02:14,內湖路三段326巷/內湖路三段,13,1
791,YouBike2.0_成功公園,11,5,內湖區,2023-06-10 09:54:17,成功路四段223巷/成功路四段223巷6弄,6,1
793,YouBike2.0_中國醫藥大學附設醫院臺北分院,13,2,內湖區,2023-06-10 14:17:39,內湖路二段368號對側,11,1
794,YouBike2.0_康樂抽水站,15,2,內湖區,2023-06-10 11:45:17,東湖路160巷23號,13,1
795,YouBike2.0_環山路三段16巷口,13,1,內湖區,2023-06-10 13:06:15,環山路三段/環山路三段16巷口(東南側),12,1
799,YouBike2.0_康寧路三段99巷17弄口,15,2,內湖區,2023-06-10 14:02:14,康寧路三段99巷19號對側,13,1
800,YouBike2.0_堤頂大道二段407巷口,15,1,內湖區,2023-06-10 10:12:15,堤頂大道二段405號前,14,1
801,YouBike2.0_海德堡科技大樓,12,2,內湖區,2023-06-10 11:21:44,堤頂大道二段473號前,10,1
802,YouBike2.0_致伸科技大樓,17,0,內湖區,2023-06-09 17:54:05,瑞光路669號旁,17,1
803,YouBike2.0_內湖路一段288巷口,20,1,內湖區,2023-06-10 13:15:04,內湖路一段290號前,19,1
805,YouBike2.0_瑞湖公園,15,0,內湖區,2023-06-10 11:07:03,民權東路六段15巷/民權東路六段19巷,15,1
806,YouBike2.0_台灣世曦大樓,16,1,內湖區,2023-06-10 14:00:41,陽光街323號,15,1
807,YouBike2.0_遠雄時代總部,14,3,內湖區,2023-06-10 14:06:15,瑞光路423號,11,1
808,YouBike2.0_瑞光路358巷口,14,0,內湖區,2023-06-10 11:05:04,瑞光路/瑞光路358巷,14,1
810,YouBike2.0_世紀經貿,16,1,內湖區,2023-06-10 14:17:39,內湖路一段396號,15,1
811,YouBike2.0_民權東路六段56巷口,15,3,內湖區,2023-06-10 13:25:15,民權東路六段56巷7號對側,12,1
812,YouBike2.0_新湖三行忠路72巷口,15,0,內湖區,2023-06-10 10:46:04,新湖三路/行忠路72巷,15,1
813,YouBike2.0_新湖三新湖二146巷口,15,1,內湖區,2023-06-10 14:00:41,新湖三路122、124號對側,14,1
814,YouBike2.0_舊宗新湖二路口,17,5,內湖區,2023-06-10 13:58:14,舊宗路一段/新湖二路(南側),12,1
815,YouBike2.0_新光基湖大樓,19,1,內湖區,2023-06-10 10:00:55,基湖路12號,18,1
816,YouBike2.0_內湖路一段120巷15弄,19,3,內湖區,2023-06-10 13:25:15,內湖路一段120巷15弄8號對側,16,1
817,YouBike2.0_北勢湖環保公園(堤頂大道側),14,1,內湖區,2023-06-10 13:38:04,堤頂大道二段501號前,13,1
818,YouBike2.0_達爾文大樓,15,2,內湖區,2023-06-10 14:12:14,洲子街61號,13,1
821,YouBike2.0_榮華二明德路口,30,3,北投區,2023-06-10 14:14:14,明德路212號(榮華二路側人行道),27,1
827,YouBike2.0_關渡醫院,14,0,北投區,2023-06-10 13:04:04,知行路235巷7號(對面),14,1
828,YouBike2.0_捷運忠義站(1號出口),17,4,北投區,2023-06-10 13:59:14,中央北路四段262號(對面),13,1
830,YouBike2.0_捷運關渡站(2號出口),14,0,北投區,2023-06-10 14:17:28,捷運關渡站2號出口外人行道,14,1
832,YouBike2.0_大度立德路口,18,0,北投區,2023-06-10 14:14:04,大度路三段立德路口(西北側),18,1
834,YouBike2.0_捷運復興崗站旅客服務中心,15,0,北投區,2023-06-10 13:23:03,中央北路三段185號(前方),15,1
837,YouBike2.0_國防大學政治作戰學院,30,4,北投區,2023-06-10 14:18:14,中央北路二段167號(對面),25,1
843,YouBike2.0_八仙里辦公處,16,3,北投區,2023-06-10 13:38:14,北投路一段臨20號(旁),13,1
850,YouBike2.0_陽明大學,30,1,北投區,2023-06-10 14:19:03,東華街二段136號(對面),29,1
852,YouBike2.0_台北護理大學,28,2,北投區,2023-06-10 14:12:14,石牌路二段100號(前),26,1
855,YouBike2.0_石牌國小,26,2,北投區,2023-06-10 14:13:15,石牌路一段142號(對面),24,1
858,YouBike2.0_承德路七段280巷口,17,2,北投區,2023-06-10 13:53:16,承德路七段260號(前),15,1
860,YouBike2.0_榮富公園,13,3,北投區,2023-06-10 14:19:14,榮華三路2號(旁),10,1
862,YouBike2.0_立功立德路口,32,4,北投區,2023-06-10 14:14:14,立德路15號(前),28,1
863,YouBike2.0_中央北路四段30巷口,16,0,北投區,2023-06-10 12:45:05,中央北路四段32號(旁),16,1
865,YouBike2.0_捷運新北投站(2號出口),11,2,北投區,2023-06-10 14:19:14,光明路225號(對面),9,1
867,YouBike2.0_承德石牌路口,17,3,北投區,2023-06-10 14:09:14,承德路七段與石牌路一段口北側,13,1
868,YouBike2.0_承德路七段188巷口,16,3,北投區,2023-06-10 14:16:15,承德路七段192-198號前,13,1
872,YouBike2.0_中和街455巷11弄,13,2,北投區,2023-06-10 13:50:21,中和街455巷11弄6-8號(前),11,1
874,YouBike2.0_文化三杏林一路口,17,1,北投區,2023-06-10 14:17:28,杏林一路3號(旁),11,1
877,YouBike2.0_新奇岩社會住宅,12,5,北投區,2023-06-10 14:12:14,磺港路269-271號(旁),7,1
879,YouBike2.0_奇岩4號綠地,12,4,北投區,2023-06-10 13:50:21,三合街一段79巷16號(對面),8,1
881,YouBike2.0_奇岩一號公園,24,0,北投區,2023-06-10 14:02:04,磺港路/清江路177巷(東側),24,1
882,YouBike2.0_福星公園,18,2,北投區,2023-06-10 14:13:15,文林北路280號(對側公園),16,1
883,YouBike2.0_中庸公園,12,5,北投區,2023-06-10 14:15:16,珠海路1號旁,7,1
884,YouBike2.0_豐年公園_1,18,5,北投區,2023-06-10 14:03:15,大業路539號,13,1
885,YouBike2.0_光明溫泉路口,20,0,北投區,2023-06-10 14:10:09,光明路148號對側人行道,20,1
886,YouBike2.0_和信治癌中心醫院,18,1,北投區,2023-06-10 12:23:04,立德路125號,17,1
888,YouBike2.0_北投公園露天溫泉,15,1,北投區,2023-06-10 13:38:14,中山路6號西側(北投溪木道西側),14,1
889,YouBike2.0_中和街493巷9弄口,16,0,北投區,2023-06-10 13:36:04,中和街493巷9弄2號對側,16,1
891,YouBike2.0_石牌立農街口,29,3,北投區,2023-06-10 14:12:14,石牌路二段/立農街二段口,26,1
894,YouBike2.0_捷運忠義站(2號出口),20,2,北投區,2023-06-10 12:19:15,捷運忠義站(2號出口)無障礙坡道旁,18,1
897,YouBike2.0_華固創富中心,15,5,北投區,2023-06-10 01:12:14,承德路六段120號(北側地下室車道旁),10,1
899,YouBike2.0_北投文化公園(北側),15,2,北投區,2023-06-10 13:48:14,文化三路2號西側公園,13,1
900,YouBike2.0_捷運松山站(4號出口),19,5,松山區,2023-06-10 14:15:16,八德路四段742號,14,1
905,YouBike2.0_捷運南京三民站(1號出口),35,4,松山區,2023-06-10 14:19:14,捷運南京三民站(1號出口),31,1
907,YouBike2.0_捷運南京三民站(4號出口),13,2,松山區,2023-06-10 14:14:15,南京東路五段229號(前),11,1
908,YouBike2.0_西松高中,14,4,松山區,2023-06-10 13:50:21,健康路325巷5弄5號(前),10,1
909,YouBike2.0_民權復興路口,27,2,松山區,2023-06-10 14:15:16,民權東路三段119號(前),25,1
917,YouBike2.0_臺北市藝文推廣處,45,2,松山區,2023-06-10 14:13:15,八德路三段25號(前),43,1
922,YouBike2.0_民生光復路口,31,5,松山區,2023-06-10 14:06:16,光復北路266號(前),26,1
924,YouBike2.0_八德路三段74巷口,17,4,松山區,2023-06-10 14:17:39,八德路三段74巷95號南側,13,1
925,YouBike2.0_八德路三段8巷口,15,2,松山區,2023-06-10 14:14:15,市民大道四段123號,13,1
927,YouBike2.0_平安新城,16,5,松山區,2023-06-10 13:57:14,延壽街356巷/延壽街330巷16弄(東北側),11,1
928,YouBike2.0_健康社會住宅,20,1,松山區,2023-06-10 13:57:04,健康路305號(前),19,1
930,YouBike2.0_市民東興路口,25,3,松山區,2023-06-10 14:17:39,東興路33號南側,22,1
931,YouBike2.0_光復南路22巷口,29,4,松山區,2023-06-10 14:07:15,光復南路19號西側,25,1
935,YouBike2.0_南京光復路口,31,3,松山區,2023-06-10 14:15:16,南京東路四段186號前,28,1
940,YouBike2.0_中崙福成宮,27,3,松山區,2023-06-10 14:15:16,市民大道四段73號前,23,1
948,YouBike2.0_捷運松山站(2號出口),14,1,松山區,2023-06-10 13:56:16,八德路四段685號前,13,1
951,YouBike2.0_三民公園(塔悠路),20,5,松山區,2023-06-10 14:00:54,塔悠路/撫遠街261巷(西側),15,1
952,YouBike2.0_寶清公園,13,1,松山區,2023-06-10 13:39:14,寶清街/寶清街30巷(北側),12,1
953,YouBike2.0_西松公園,11,1,松山區,2023-06-10 13:49:14,健康路/南京東路五段251巷50弄(西側),10,1
954,YouBike2.0_長壽公園,15,3,松山區,2023-06-10 14:19:14,健康路174號(旁),12,1
956,YouBike2.0_南京東路四段179巷口,13,1,松山區,2023-06-10 13:02:15,南京東路四段163號(前),12,1
957,YouBike2.0_臺北田徑場(北寧路側),24,5,松山區,2023-06-10 14:15:16,八德路三段25號前,19,1
958,YouBike2.0_西松高中(健康路325巷),31,1,松山區,2023-06-10 14:10:20,健康路325巷 / 健康路325巷12弄口(東北側),30,1
959,YouBike2.0_南京東興路口,20,0,松山區,2023-06-10 14:04:04,南京東路五段 / 東興路口(北側),20,1
962,YouBike2.0_敦化南京路口(東北側),14,0,松山區,2023-06-10 14:15:05,敦化北路/南京東路四段,14,1
964,YouBike2.0_新東街51巷口,23,3,松山區,2023-06-10 14:00:54,三民路 / 新東街51巷口(東側),20,1
966,YouBike2.0_長春慶城街口,16,0,松山區,2023-06-10 13:57:04,長春路431號前,16,1
967,YouBike2.0_八德路四段652巷口,20,4,松山區,2023-06-10 13:35:14,八德路四段650號南側,16,1
969,YouBike2.0_捷運小巨蛋站(3號出口),15,1,松山區,2023-06-10 14:19:03,南京東路四段12號前,14,1
972,YouBike2.0_民生復興路口,17,0,松山區,2023-06-10 13:49:04,民生東路三段/復興北路(東南側),17,1
974,YouBike2.0_龍城市場,15,4,松山區,2023-06-10 14:03:15,光復北路190巷35號對側,11,1
977,YouBike2.0_五常街370巷,11,2,松山區,2023-06-10 14:17:39,五常街370巷8號,9,1
983,YouBike2.0_合樂公園,15,1,南港區,2023-06-10 14:19:14,玉成街46號東側,14,1
985,YouBike2.0_成德國中,26,5,南港區,2023-06-10 14:11:15,東新街118巷15號南側,21,1
991,YouBike2.0_中研公園,40,4,南港區,2023-06-10 14:18:14,研究院路二段12巷58弄9號西側,36,1
993,YouBike2.0_舊莊區民活動中心,18,1,南港區,2023-06-10 13:03:15,舊莊街一段91巷11號西南側,17,1
994,YouBike2.0_凌雲市場,20,4,南港區,2023-06-10 12:59:16,研究院路三段68巷9號北側,16,1
1001,YouBike2.0_向陽南港路口,21,0,南港區,2023-06-10 14:17:28,向陽路49號北側,21,1
1002,YouBike2.0_南港車站(忠孝東路七段415巷),11,5,南港區,2023-06-10 11:35:17,忠孝東路七段510號西北側,6,1
1018,YouBike2.0_南港高中(昆陽街),14,2,南港區,2023-06-10 12:48:16,昆陽街58號東側,12,1
1019,YouBike2.0_南港路三段290巷口,20,4,南港區,2023-06-10 14:19:14,南港路三段314巷20號,16,1
1020,YouBike2.0_南港路三段220巷口,25,1,南港區,2023-06-10 14:09:04,南港路三段133號,24,1
1021,YouBike2.0_南港東新街口,28,3,南港區,2023-06-10 13:47:14,東新街4號東側,25,1
1023,YouBike2.0_捷運後山埤站(3號出口),12,0,南港區,2023-05-15 07:23:15,玉成街150號,12,0
1024,YouBike2.0_玉成公園運動中心,15,0,南港區,2023-06-10 13:58:04,中坡南路19號,15,1
1027,YouBike2.0_園區重陽路口,13,4,南港區,2023-06-10 13:03:15,重陽路458號西側,9,1
1030,YouBike2.0_南港抽水站,13,2,南港區,2023-06-10 13:13:15,重陽路505號,11,1
1034,YouBike2.0_力行橋(南港),18,3,南港區,2023-06-10 13:59:03,研究院路一段101巷16弄2號南側,15,1
1035,YouBike2.0_舊莊國小(舊莊街一段),15,2,南港區,2023-06-10 11:21:44,舊莊街一段/舊莊街一段145巷口,13,1
1043,YouBike2.0_昆陽公園,14,4,南港區,2023-06-10 12:32:15,昆陽街173號對側,10,1
1047,YouBike2.0_玉成公園(成福路178巷口),18,4,南港區,2023-06-10 14:01:15,成福路178巷8號對側,14,1
1050,YouBike2.0_成福路197巷口,15,3,南港區,2023-06-10 14:16:15,成福路197巷/成福路,12,1
1051,YouBike2.0_南港疏散門(基三號疏散門),15,4,南港區,2023-06-10 12:30:46,松河街398號對側,11,1
1052,YouBike2.0_成德立體停車場,14,4,南港區,2023-06-10 13:04:15,成福路/東新街80巷10弄,10,1
1053,YouBike2.0_南港展覽館2館,18,4,南港區,2023-06-10 14:14:15,經貿二路/南港路一段(西北側),14,1
1054,YouBike2.0_舊莊派出所,15,4,南港區,2023-06-10 12:35:16,舊莊街一段/舊莊街一段215巷,11,1
1055,YouBike2.0_南港路三段80巷,15,2,南港區,2023-06-10 13:04:15,南港路三段/南港路三段80巷,13,1
1057,YouBike2.0_忠孝東路六段278巷口,14,0,南港區,2023-06-10 12:52:04,忠孝東路/忠孝東路六段278巷,14,1
1061,YouBike2.0_忠孝東路六段212巷口,15,0,南港區,2023-06-10 12:08:04,忠孝東路六段226號前,15,1
1063,YouBike2.0_東新街63巷口,15,1,南港區,2023-06-10 14:18:14,東新街/東新街63巷,14,1
1064,YouBike2.0_內湖機廠(港東街),15,1,南港區,2023-06-10 13:41:16,經貿一路77號(港東街),14,1
1065,YouBike2.0_黎忠區民活動中心,16,1,信義區,2023-06-10 14:11:04,和平東路三段391巷16號,15,1
1066,YouBike2.0_基隆路二段159巷口,14,1,信義區,2023-06-10 14:12:04,基隆路二段155號,13,1
1069,YouBike2.0_和平東路三段530巷口,15,4,信義區,2023-06-10 10:33:15,和平東路三段530巷口東北側,11,1
1078,YouBike2.0_捷運象山站(1號出口),24,1,信義區,2023-06-10 14:17:39,信義路5段152號(1號出口),23,1
1084,YouBike2.0_景新公園,17,4,信義區,2023-06-10 14:06:16,莊敬路239巷12號(對面),13,1
1085,YouBike2.0_光復信義路口東南側,16,1,信義區,2023-06-10 14:19:03,光復南路485號前方,15,1
1109,YouBike2.0_興雅國小(基隆路一段37巷),15,5,信義區,2023-06-10 14:16:15,基隆路一段83巷9號西側,10,1
1112,YouBike2.0_五常公園,19,3,信義區,2023-06-10 12:59:16,松隆路161號對側,16,1
1113,YouBike2.0_永吉松信路口,25,1,信義區,2023-06-10 14:06:04,松信路/永吉路西南側人行道,24,1
1115,YouBike2.0_市民松信路口,20,4,信義區,2023-06-10 12:49:15,市民大道六段/松信路口(西側),13,1
1117,YouBike2.0_基隆光復路口,17,0,信義區,2023-06-10 14:14:04,基隆路二段/光復南路(東北側),17,1
1118,YouBike2.0_基隆忠孝路口西南側,14,0,信義區,2023-06-10 14:19:14,忠孝東路四段550號,14,1
1121,YouBike2.0_虎林永吉路口,15,3,信義區,2023-06-10 14:19:14,永吉路356號東側,12,1
1123,YouBike2.0_永吉路321巷口,15,5,信義區,2023-06-10 14:16:15,永吉路323號西側,7,1
1125,YouBike2.0_松山路292巷口,17,3,信義區,2023-06-10 14:12:14,松山路279號,14,1
1141,YouBike2.0_福德國小公車站,10,4,信義區,2023-06-10 13:48:15,福德街308號對側,6,1
1145,YouBike2.0_景平公園,13,5,信義區,2023-06-10 14:12:14,松平路50巷15號對側,8,1
1147,YouBike2.0_五分埔公園,18,0,信義區,2023-06-10 14:13:04,中坡北路57號旁,18,1
1152,YouBike2.0_松仁松平路口,10,1,信義區,2023-06-10 13:57:04,松仁路/松平路,9,1
1155,YouBike2.0_吳興街284巷(廣安宮),15,0,信義區,2023-06-10 14:19:14,吳興街284巷23號對側,15,1
1158,YouBike2.0_和平東路三段291號,15,5,信義區,2023-06-10 14:14:15,和平東路三段291號前,10,1
1159,YouBike2.0_德昌寶興街口(西北角),15,0,萬華區,2023-06-10 13:50:10,寶興街186號(前),15,1
1161,YouBike2.0_萬大路486巷口,10,5,萬華區,2023-06-10 14:13:15,萬大路482號(旁),5,1
1162,YouBike2.0_國興中華路口,14,4,萬華區,2023-06-10 14:18:14,國興路2號前,10,1
1164,YouBike2.0_國興水源路口,14,1,萬華區,2023-06-10 12:44:04,國興路1巷15號對側,13,1
1172,YouBike2.0_莒光立體停車場,10,4,萬華區,2023-06-10 13:56:16,莒光路137號前,5,1
1173,YouBike2.0_艋舺大道146巷口,14,4,萬華區,2023-06-10 14:18:14,艋舺大道142號前,10,1
1175,YouBike2.0_華中疏散門,12,1,萬華區,2023-06-10 14:08:15,環河南路三段371號前,11,1
1176,YouBike2.0_錦德公園,16,4,萬華區,2023-06-10 14:18:14,德昌街243號前,12,1
1177,YouBike2.0_忠德公園,19,4,萬華區,2023-06-10 14:07:15,東園街66巷20弄27號前,14,1
1181,YouBike2.0_長順區民活動中心,26,0,萬華區,2023-06-10 08:59:04,長順街127號前,26,0
1182,YouBike2.0_華江國小,23,4,萬華區,2023-06-10 14:09:14,環河南路二段250巷25弄2號對側,19,1
1183,YouBike2.0_華江八號公園,20,2,萬華區,2023-06-10 14:09:14,環河南路二段216號旁,18,1
1186,YouBike2.0_糖廍文化園區,14,2,萬華區,2023-06-10 14:04:14,大理街177號對側,12,1
1187,YouBike2.0_兩棵樹公園,17,4,萬華區,2023-06-10 14:10:20,艋舺大道與大理街160巷20弄口東側,12,1
1196,YouBike2.0_龍山國小,24,3,萬華區,2023-06-10 14:06:16,和平西路三段235號(旁),21,1
1197,YouBike2.0_華西公園,33,0,萬華區,2023-06-10 14:16:04,桂林路134號(對面),33,1
1201,YouBike2.0_捷運龍山寺站(3號出口),23,2,萬華區,2023-06-10 14:08:15,和平西路三段/和平西路三段88巷(西南側),21,1
1202,YouBike2.0_臺北市電影主題公園(峨嵋街),15,3,萬華區,2023-06-10 14:17:39,峨嵋街100號(對面),12,1
1203,YouBike2.0_臺北市電影主題公園(康定路),15,4,萬華區,2023-06-10 14:07:15,康定路18-2號(對面),11,1
1211,YouBike2.0_華江污水廠,20,0,萬華區,2023-06-10 14:19:03,桂林路246巷66號南側,20,1
1212,YouBike2.0_柳鄉公園,21,3,萬華區,2023-06-10 13:42:14,環河南路二段102號西北側,18,1
1213,YouBike2.0_綠堤社區公園,22,2,萬華區,2023-06-10 14:17:39,大理街170巷與環河南路二段159巷口,20,1
1216,YouBike2.0_環南綜合市場,14,4,萬華區,2023-06-10 12:12:15,環河南路二段245號旁,10,1
1217,YouBike2.0_龍山國中,15,0,萬華區,2023-06-10 14:10:09,南寧路與廣州街口南側,15,1
1219,YouBike2.0_桂林昆明街口,20,4,萬華區,2023-06-10 14:16:15,桂林路與昆明街口西北側,16,1
1220,YouBike2.0_萬華國中_1,26,1,萬華區,2023-06-10 14:16:04,西藏路 / 莒光路299巷口(東南側),25,1
1225,YouBike2.0_萬大路493巷,10,1,萬華區,2023-06-10 14:00:54,萬大路493巷44號旁,9,1
1228,YouBike2.0_臺大水源舍區A棟,37,5,臺大專區,2023-06-10 14:17:39,汀洲路三段60巷2弄路側(A舍北側),32,1
1229,YouBike2.0_臺大卓越研究大樓,32,1,臺大專區,2023-06-10 14:17:39,臺大水源舍區C南側,31,1
1230,YouBike2.0_臺大水源修齊會館,18,4,臺大專區,2023-06-10 14:17:39,思源街16號之1旁,12,1
1231,YouBike2.0_臺大檔案展示館,10,2,臺大專區,2023-06-10 14:13:15,臺大檔案展示館東北側,8,1
1233,YouBike2.0_臺大男八舍東側,42,2,臺大專區,2023-06-10 14:15:16,臺大男八舍東側,40,1
1238,YouBike2.0_臺大大一女舍北側,53,2,臺大專區,2023-06-10 14:16:15,臺大女一舍北側,51,1
1239,YouBike2.0_臺大女九舍西南側,62,3,臺大專區,2023-06-10 14:19:14,臺大女九舍西南側,59,1
1241,YouBike2.0_臺大立體機車停車場,27,1,臺大專區,2023-06-10 14:17:28,基隆路三段/基隆路三段156巷口北側,26,1
1242,YouBike2.0_臺大工綜館南側,26,3,臺大專區,2023-06-10 14:10:21,臺大工學院東南側,23,1
1246,YouBike2.0_臺大農化新館西側,10,4,臺大專區,2023-06-10 14:08:15,臺大生化科技學系西側,6,1
1247,YouBike2.0_臺大五號館西側,20,2,臺大專區,2023-06-10 14:03:15,臺大生物系館西側,18,1
1249,YouBike2.0_臺大共同教室北側,20,4,臺大專區,2023-06-10 13:24:14,臺大共同教學館東北側,16,1
1252,YouBike2.0_臺大公館停車場西北側,12,2,臺大專區,2023-06-10 13:41:16,臺大公館停車場西北側,10,1
1253,YouBike2.0_臺大第二行政大樓南側,27,0,臺大專區,2023-06-10 13:53:04,臺大行政大樓西側,27,1
1254,YouBike2.0_臺大明達館機車停車場,28,0,臺大專區,2023-06-10 13:52:04,臺大明達館西側,28,1
1255,YouBike2.0_臺大二號館,10,3,臺大專區,2023-06-10 13:56:16,臺大物理文物廳北側,7,1
1256,YouBike2.0_臺大凝態館南側,20,1,臺大專區,2023-06-10 14:15:16,臺大物理系館南側,19,1
1261,YouBike2.0_臺大計資中心南側,34,4,臺大專區,2023-06-10 13:58:14,臺大計算機網路資訊中心南側,30,1
1262,YouBike2.0_臺大原分所北側,12,1,臺大專區,2023-06-10 13:39:14,臺大原子與分子科學研究所東北側,11,1
1267,YouBike2.0_臺大森林館北側,10,3,臺大專區,2023-06-10 14:17:39,臺大森林系學系北側,7,1
1269,YouBike2.0_臺大小小福西南側,10,0,臺大專區,2023-06-10 09:21:04,臺大進修教育大樓,10,1
1271,YouBike2.0_臺大四號館東北側,10,0,臺大專區,2023-06-10 14:08:04,臺大園藝暨景觀學系北側,10,1
1273,YouBike2.0_臺大鄭江樓北側,10,1,臺大專區,2023-06-10 14:11:04,臺大新聞研究所南側,9,1
1274,YouBike2.0_臺大電機二館東南側,14,0,臺大專區,2023-06-10 13:30:28,臺大電機二館南側,14,1
1277,YouBike2.0_臺大黑森林西側,20,1,臺大專區,2023-06-10 14:17:39,臺大霖澤館南側,19,1
1278,YouBike2.0_臺大獸醫館南側,24,0,臺大專區,2023-06-10 14:17:28,臺大獸醫系館南側,24,1
1280,YouBike2.0_臺大明達館北側(員工宿舍),18,0,臺大公館校區,2023-06-10 14:00:41,明達館北側前空地,18,1
